{
  "IsEncrypted": false,
  "Values": {
    "AzureWebJobsStorage": "DefaultEndpointsProtocol=https;AccountName=2dtblobst1;AccountKey=OwrP/Z/SKp2MgIAmgJiKTPoPr/w1hm59Gu1/aU3IPrz5SWkDpnBOCBY5V36HjL0qzzuZlkbd3KHK+AStxCYBOw==;EndpointSuffix=core.windows.net",
    "FUNCTIONS_WORKER_RUNTIME": "python",
    "API_KEY": "8bc0a3c4b8a6474aa86dff79cf729541",
    "BLOB_CONTAINER_NAME": "ggi-job-ct",
    "EVENTHUB_CONN_STR": "Endpoint=sb://dt2-1st-team1-eventhub.servicebus.windows.net/;SharedAccessKeyName=RootManageSharedAccessKey;SharedAccessKey=566cjVazXGa6fijkfm6uyde91lXXgx7wf+AEhHBHrd0=",
    "EVENTHUB_NAME": "2dt-1st-team1-eventhub",
    "PG_HOST" : "2dt-1st-team1.postgres.database.azure.com",
    "PG_DATABASE" : "postgres",
    "PG_USER" : "dt21stteam1",
    "PG_PASSWORD" : "!25Dataschool",
    "PG_PORT" : "5432"
  }
}